10627854,MTA2Mjc4NTQ=
10627857,MTA2Mjc4NTc=
10627858,MTA2Mjc4NTg=
10627859,MTA2Mjc4NTk=
10627860,MTA2Mjc4NjA=
10627861,MTA2Mjc4NjE=
10627862,MTA2Mjc4NjI=
10627863,MTA2Mjc4NjM=
10627864,MTA2Mjc4NjQ=
10627865,MTA2Mjc4NjU=
10627866,MTA2Mjc4NjY=
10627867,MTA2Mjc4Njc=
10627868,MTA2Mjc4Njg=
10627869,MTA2Mjc4Njk=
10627870,MTA2Mjc4NzA=
10627871,MTA2Mjc4NzE=
10627872,MTA2Mjc4NzI=
10627873,MTA2Mjc4NzM=
10627874,MTA2Mjc4NzQ=
10627875,MTA2Mjc4NzU=
10627876,MTA2Mjc4NzY=
10627877,MTA2Mjc4Nzc=
10627878,MTA2Mjc4Nzg=
10627879,MTA2Mjc4Nzk=
10627880,MTA2Mjc4ODA=
10627881,MTA2Mjc4ODE=
10627882,MTA2Mjc4ODI=
10627885,MTA2Mjc4ODU=
10627886,MTA2Mjc4ODY=
10627887,MTA2Mjc4ODc=
10627888,MTA2Mjc4ODg=
10627889,MTA2Mjc4ODk=
10627890,MTA2Mjc4OTA=
10627891,MTA2Mjc4OTE=
10627892,MTA2Mjc4OTI=
10627893,MTA2Mjc4OTM=
10627894,MTA2Mjc4OTQ=
10627895,MTA2Mjc4OTU=
10627896,MTA2Mjc4OTY=
10627897,MTA2Mjc4OTc=
10627898,MTA2Mjc4OTg=
10627899,MTA2Mjc4OTk=
10627900,MTA2Mjc5MDA=
10627901,MTA2Mjc5MDE=
10627902,MTA2Mjc5MDI=
10627903,MTA2Mjc5MDM=
10627904,MTA2Mjc5MDQ=
10627905,MTA2Mjc5MDU=
10627906,MTA2Mjc5MDY=
10627907,MTA2Mjc5MDc=
10627908,MTA2Mjc5MDg=
10627909,MTA2Mjc5MDk=
10627910,MTA2Mjc5MTA=
10627911,MTA2Mjc5MTE=
10627912,MTA2Mjc5MTI=
10627913,MTA2Mjc5MTM=
10627914,MTA2Mjc5MTQ=
10627915,MTA2Mjc5MTU=
10627916,MTA2Mjc5MTY=
10627917,MTA2Mjc5MTc=
10627918,MTA2Mjc5MTg=
10627919,MTA2Mjc5MTk=
10627920,MTA2Mjc5MjA=
10627921,MTA2Mjc5MjE=
10627922,MTA2Mjc5MjI=
10627923,MTA2Mjc5MjM=
10627924,MTA2Mjc5MjQ=
10627925,MTA2Mjc5MjU=
10627926,MTA2Mjc5MjY=
10627927,MTA2Mjc5Mjc=
10627928,MTA2Mjc5Mjg=
10627929,MTA2Mjc5Mjk=
10627930,MTA2Mjc5MzA=
10627931,MTA2Mjc5MzE=
10627932,MTA2Mjc5MzI=
10627933,MTA2Mjc5MzM=
10627934,MTA2Mjc5MzQ=
10627935,MTA2Mjc5MzU=
10627936,MTA2Mjc5MzY=
10627937,MTA2Mjc5Mzc=
10627938,MTA2Mjc5Mzg=
10627939,MTA2Mjc5Mzk=
10627940,MTA2Mjc5NDA=
10627941,MTA2Mjc5NDE=
10627942,MTA2Mjc5NDI=
10627943,MTA2Mjc5NDM=
10627944,MTA2Mjc5NDQ=
10627945,MTA2Mjc5NDU=
10627946,MTA2Mjc5NDY=
10627947,MTA2Mjc5NDc=
10627948,MTA2Mjc5NDg=
10627949,MTA2Mjc5NDk=
10627950,MTA2Mjc5NTA=
10627951,MTA2Mjc5NTE=
10627952,MTA2Mjc5NTI=
10627953,MTA2Mjc5NTM=
10627954,MTA2Mjc5NTQ=
10627955,MTA2Mjc5NTU=
10627956,MTA2Mjc5NTY=
10627957,MTA2Mjc5NTc=
10627958,MTA2Mjc5NTg=
10627959,MTA2Mjc5NTk=
10627969,MTA2Mjc5Njk=
10627971,MTA2Mjc5NzE=
10627972,MTA2Mjc5NzI=
10627976,MTA2Mjc5NzY=
10628302,MTA2MjgzMDI=
10628303,MTA2MjgzMDM=
10628304,MTA2MjgzMDQ=
10628305,MTA2MjgzMDU=
10628306,MTA2MjgzMDY=
10628307,MTA2MjgzMDc=
10628308,MTA2MjgzMDg=
10628309,MTA2MjgzMDk=
10628310,MTA2MjgzMTA=
10628311,MTA2MjgzMTE=
10628312,MTA2MjgzMTI=
10628313,MTA2MjgzMTM=
10628314,MTA2MjgzMTQ=
10628315,MTA2MjgzMTU=
10628316,MTA2MjgzMTY=
10628317,MTA2MjgzMTc=
10628318,MTA2MjgzMTg=
10628319,MTA2MjgzMTk=
10628320,MTA2MjgzMjA=
10628321,MTA2MjgzMjE=
10628322,MTA2MjgzMjI=
10628323,MTA2MjgzMjM=
10628324,MTA2MjgzMjQ=
10628325,MTA2MjgzMjU=
10628326,MTA2MjgzMjY=
10628327,MTA2MjgzMjc=
10628328,MTA2MjgzMjg=
10628329,MTA2MjgzMjk=
10628330,MTA2MjgzMzA=
10628331,MTA2MjgzMzE=
10628332,MTA2MjgzMzI=
10628333,MTA2MjgzMzM=
10628334,MTA2MjgzMzQ=
10628335,MTA2MjgzMzU=
10628336,MTA2MjgzMzY=
10628337,MTA2MjgzMzc=
10628338,MTA2MjgzMzg=
10628339,MTA2MjgzMzk=
10628340,MTA2MjgzNDA=
10628341,MTA2MjgzNDE=
10628342,MTA2MjgzNDI=
10628343,MTA2MjgzNDM=
10628344,MTA2MjgzNDQ=
10628345,MTA2MjgzNDU=
10628346,MTA2MjgzNDY=
10628347,MTA2MjgzNDc=
10628348,MTA2MjgzNDg=
10628349,MTA2MjgzNDk=
10628350,MTA2MjgzNTA=
10628351,MTA2MjgzNTE=
10628405,MTA2Mjg0MDU=
10628406,MTA2Mjg0MDY=
10628407,MTA2Mjg0MDc=
10628408,MTA2Mjg0MDg=
10628409,MTA2Mjg0MDk=
10628410,MTA2Mjg0MTA=
10628411,MTA2Mjg0MTE=
10628412,MTA2Mjg0MTI=
10628413,MTA2Mjg0MTM=
10628414,MTA2Mjg0MTQ=
10628415,MTA2Mjg0MTU=
10628416,MTA2Mjg0MTY=
10628417,MTA2Mjg0MTc=
10628418,MTA2Mjg0MTg=
10628419,MTA2Mjg0MTk=
10628420,MTA2Mjg0MjA=
10628421,MTA2Mjg0MjE=
10628422,MTA2Mjg0MjI=
10628423,MTA2Mjg0MjM=
10628424,MTA2Mjg0MjQ=
10628425,MTA2Mjg0MjU=
10628426,MTA2Mjg0MjY=
10628427,MTA2Mjg0Mjc=
10628428,MTA2Mjg0Mjg=
10628429,MTA2Mjg0Mjk=
10628432,MTA2Mjg0MzI=
10628433,MTA2Mjg0MzM=
10628434,MTA2Mjg0MzQ=
10628435,MTA2Mjg0MzU=
10628436,MTA2Mjg0MzY=
10628437,MTA2Mjg0Mzc=
10628438,MTA2Mjg0Mzg=
10628439,MTA2Mjg0Mzk=
10628440,MTA2Mjg0NDA=
10628441,MTA2Mjg0NDE=
10628442,MTA2Mjg0NDI=
10628443,MTA2Mjg0NDM=
10628444,MTA2Mjg0NDQ=
10628445,MTA2Mjg0NDU=
10628446,MTA2Mjg0NDY=
10628447,MTA2Mjg0NDc=
10628448,MTA2Mjg0NDg=
10628449,MTA2Mjg0NDk=
10628450,MTA2Mjg0NTA=
10628451,MTA2Mjg0NTE=
10628452,MTA2Mjg0NTI=
10628453,MTA2Mjg0NTM=
10628454,MTA2Mjg0NTQ=
10628455,MTA2Mjg0NTU=
10628456,MTA2Mjg0NTY=
10628457,MTA2Mjg0NTc=
10628458,MTA2Mjg0NTg=
10628459,MTA2Mjg0NTk=
10628460,MTA2Mjg0NjA=
10628461,MTA2Mjg0NjE=
10628462,MTA2Mjg0NjI=
10628463,MTA2Mjg0NjM=
10628464,MTA2Mjg0NjQ=
10628465,MTA2Mjg0NjU=
10628466,MTA2Mjg0NjY=
10628467,MTA2Mjg0Njc=
10628468,MTA2Mjg0Njg=
10628469,MTA2Mjg0Njk=
10628470,MTA2Mjg0NzA=
10628471,MTA2Mjg0NzE=
10628472,MTA2Mjg0NzI=
10628473,MTA2Mjg0NzM=
10628474,MTA2Mjg0NzQ=
10628475,MTA2Mjg0NzU=
10628476,MTA2Mjg0NzY=
10628477,MTA2Mjg0Nzc=
10628478,MTA2Mjg0Nzg=
10628479,MTA2Mjg0Nzk=
10628480,MTA2Mjg0ODA=
10628481,MTA2Mjg0ODE=
10628482,MTA2Mjg0ODI=
10628483,MTA2Mjg0ODM=
10628484,MTA2Mjg0ODQ=
10628485,MTA2Mjg0ODU=
10628486,MTA2Mjg0ODY=
