test_nwld.desTueNov29212902@mailop.com,test_nwld.desTueNov29212902@mailop.com
test_nwld.desTueNov29212728@mailop.com,test_nwld.desTueNov29212728@mailop.com
test_nwld.desTueNov29212552@mailop.com,test_nwld.desTueNov29212552@mailop.com
test_nwld.desTueNov29212417@mailop.com,test_nwld.desTueNov29212417@mailop.com
test_nwld.desTueNov29212242@mailop.com,test_nwld.desTueNov29212242@mailop.com
test_nwld.desTueNov29212106@mailop.com,test_nwld.desTueNov29212106@mailop.com
test_nwld.desTueNov29211931@mailop.com,test_nwld.desTueNov29211931@mailop.com
test_nwld.desTueNov29211754@mailop.com,test_nwld.desTueNov29211754@mailop.com
test_nwld.desTueNov29211615@mailop.com,test_nwld.desTueNov29211615@mailop.com
test_nwld.desTueNov29211438@mailop.com,test_nwld.desTueNov29211438@mailop.com
test_nwld.desTueNov29211304@mailop.com,test_nwld.desTueNov29211304@mailop.com
test_nwld.desTueNov29211119@mailop.com,test_nwld.desTueNov29211119@mailop.com
test_nwld.desTueNov29210944@mailop.com,test_nwld.desTueNov29210944@mailop.com
test_nwld.desTueNov29210807@mailop.com,test_nwld.desTueNov29210807@mailop.com
test_nwld.desTueNov29210632@mailop.com,test_nwld.desTueNov29210632@mailop.com
test_nwld.desTueNov29210447@mailop.com,test_nwld.desTueNov29210447@mailop.com
test_nwld.desTueNov29210311@mailop.com,test_nwld.desTueNov29210311@mailop.com
test_nwld.desTueNov29210135@mailop.com,test_nwld.desTueNov29210135@mailop.com
test_nwld.desTueNov29205958@mailop.com,test_nwld.desTueNov29205958@mailop.com
test_nwld.desTueNov29205824@mailop.com,test_nwld.desTueNov29205824@mailop.com
test_nwld.desTueNov29205649@mailop.com,test_nwld.desTueNov29205649@mailop.com
test_nwld.desTueNov29205512@mailop.com,test_nwld.desTueNov29205512@mailop.com
test_nwld.desTueNov29205336@mailop.com,test_nwld.desTueNov29205336@mailop.com
test_nwld.desTueNov29205158@mailop.com,test_nwld.desTueNov29205158@mailop.com
test_nwld.desTueNov29204955@mailop.com,test_nwld.desTueNov29204955@mailop.com
