hbjb9030@jksh.com,hbjb9030@jksh.com
test_nwld.desWedSep14233348@mailop.com,test_nwld.desWedSep14233348@mailop.com
test_nwld.desWedSep14233525@mailop.com,test_nwld.desWedSep14233525@mailop.com
test_nwld.desWedSep14233657@mailop.com,test_nwld.desWedSep14233657@mailop.com
test_nwld.desWedSep14233835@mailop.com,test_nwld.desWedSep14233835@mailop.com
test_nwld.desWedSep14234014@mailop.com,test_nwld.desWedSep14234014@mailop.com
test_nwld.desWedSep14234144@mailop.com,test_nwld.desWedSep14234144@mailop.com
test_nwld.desWedSep14234325@mailop.com,test_nwld.desWedSep14234325@mailop.com
test_nwld.desWedSep14234507@mailop.com,test_nwld.desWedSep14234507@mailop.com
test_nwld.desWedSep14234638@mailop.com,test_nwld.desWedSep14234638@mailop.com
test_nwld.desWedSep14234826@mailop.com,test_nwld.desWedSep14234826@mailop.com
test_nwld.desWedSep14234959@mailop.com,test_nwld.desWedSep14234959@mailop.com
test_nwld.desWedSep14235142@mailop.com,test_nwld.desWedSep14235142@mailop.com
test_nwld.desWedSep14235314@mailop.com,test_nwld.desWedSep14235314@mailop.com
test_nwld.desWedSep14235445@mailop.com,test_nwld.desWedSep14235445@mailop.com
test_nwld.desWedSep14235615@mailop.com,test_nwld.desWedSep14235615@mailop.com
test_nwld.desWedSep14235806@mailop.com,test_nwld.desWedSep14235806@mailop.com
test_nwld.desWedSep14235943@mailop.com,test_nwld.desWedSep14235943@mailop.com
test_nwld.desThuSep15000123@mailop.com,test_nwld.desThuSep15000123@mailop.com
test_nwld.desThuSep15000254@mailop.com,test_nwld.desThuSep15000254@mailop.com
test_nwld.desThuSep15000437@mailop.com,test_nwld.desThuSep15000437@mailop.com
test_nwld.desThuSep15000607@mailop.com,test_nwld.desThuSep15000607@mailop.com
test_nwld.desThuSep15000751@mailop.com,test_nwld.desThuSep15000751@mailop.com
test_nwld.desThuSep15000921@mailop.com,test_nwld.desThuSep15000921@mailop.com
test_nwld.desThuSep15001100@mailop.com,test_nwld.desThuSep15001100@mailop.com
