10597836,test_nwld.desTueAug30053003@mailop.com
10597839,test_nwld.desTueAug30053203@mailop.com
10597841,test_nwld.desTueAug30053332@mailop.com
10597843,test_nwld.desTueAug30053502@mailop.com
10597844,test_nwld.desTueAug30053631@mailop.com
10597846,test_nwld.desTueAug30053849@mailop.com
10597848,test_nwld.desTueAug30054017@mailop.com
10597850,test_nwld.desTueAug30054225@mailop.com
10597852,test_nwld.desTueAug30054344@mailop.com
10598348,test_nwld.desWedSep14233348@mailop.com
10598349,test_nwld.desWedSep14233525@mailop.com
10598350,test_nwld.desWedSep14233657@mailop.com
10598351,test_nwld.desWedSep14233835@mailop.com
10598352,test_nwld.desWedSep14234014@mailop.com
10598353,test_nwld.desWedSep14234144@mailop.com
10598354,test_nwld.desWedSep14234325@mailop.com
10598355,test_nwld.desWedSep14234507@mailop.com
10598356,test_nwld.desWedSep14234638@mailop.com
10598358,test_nwld.desWedSep14234826@mailop.com
10598359,test_nwld.desWedSep14234959@mailop.com
10598360,test_nwld.desWedSep14235142@mailop.com
10598361,test_nwld.desWedSep14235314@mailop.com
10598363,test_nwld.desWedSep14235445@mailop.com
10598364,test_nwld.desWedSep14235615@mailop.com
10598365,test_nwld.desWedSep14235806@mailop.com
