test221.desThuJul21134241@mailop.com,test221.desThuJul21134241@mailop.com
test221.desThuJul21134117@mailop.com,test221.desThuJul21134117@mailop.com
test221.desThuJul21133949@mailop.com,test221.desThuJul21133949@mailop.com
test221.desThuJul21133818@mailop.com,test221.desThuJul21133818@mailop.com
test221.desThuJul21133650@mailop.com,test221.desThuJul21133650@mailop.com
test221.desThuJul21133518@mailop.com,test221.desThuJul21133518@mailop.com
test221.desThuJul21133350@mailop.com,test221.desThuJul21133350@mailop.com
test221.desThuJul21133220@mailop.com,test221.desThuJul21133220@mailop.com
test221.desThuJul21133052@mailop.com,test221.desThuJul21133052@mailop.com
test221.desThuJul21132922@mailop.com,test221.desThuJul21132922@mailop.com
test221.desWedJul27011826@mailop.com,test221.desWedJul27011826@mailop.com
test221.desWedJul27011700@mailop.com,test221.desWedJul27011700@mailop.com
test221.desWedJul27011533@mailop.com,test221.desWedJul27011533@mailop.com
test221.desWedJul27011402@mailop.com,test221.desWedJul27011402@mailop.com
test221.desWedJul27011234@mailop.com,test221.desWedJul27011234@mailop.com
test221.desWedJul27011107@mailop.com,test221.desWedJul27011107@mailop.com
test221.desWedJul27010208@mailop.com,test221.desWedJul27010208@mailop.com
test221.desWedJul27010042@mailop.com,test221.desWedJul27010042@mailop.com
test221.desWedJul27005907@mailop.com,test221.desWedJul27005907@mailop.com
test221.desWedJul27005739@mailop.com,test221.desWedJul27005739@mailop.com
test221.desWedJul27005610@mailop.com,test221.desWedJul27005610@mailop.com
test221.desWedJul27005441@mailop.com,test221.desWedJul27005441@mailop.com
test221.desWedJul27005313@mailop.com,test221.desWedJul27005313@mailop.com
test221.desWedJul27005145@mailop.com,test221.desWedJul27005145@mailop.com
test221.desWedJul27005019@mailop.com,test221.desWedJul27005019@mailop.com
