abhijit_fadte@persistent.co.in,abhi
test3_14thJan.des@mailop.com,test
test2_31dec@mailop.com,a
test3_1feb.des@mailop.com,test
test1_31jan.des@mailop.com,test
test3_2ndFeb.des@mailop.com,test
test_31jan.des@mailop.com,test
test4_12thJan.des@mailop.com,test
mittal1_28thJan.des@mailop.com,test
test5_13thJan.des@mailop.com,test
test6_13thJan.des@mailop.com,test
hhh1_28thJan.des@mailop.com,test
test_90@mailop.com,test_90@mailop.com
test4_31dec@mailop.com,a
h18_28thJan.des@mailop.com,test
test5_31dec@mailop.com,a
test_jan31-3@test.com,u
test3_3rdFeb.des@mailop.com,test
test_1feb.des@mailop.com,test
test2_31jan.des@mailop.com,test
test5_28jan.des@mailop.com,test
test_jan31-7@t.com,h
test_feb1-10@test.com,u
test3_31dec@mailop.com,a
rah78@mailop.com,rah78@mailop.com